<?xml version="1.0" encoding="UTF-8"?>
<DecElementImposable xmlns:xsi="http://www.w3.org/2001/XMLSchema-instance" xsi:noNamespaceSchemaLocation="DecChomage.xsd">

	<identifiantFiscal>100025 </identifiantFiscal>
	<exerciceFiscalDu>2022-01-01</exerciceFiscalDu>
	<exerciceFiscalAu>2022-12-31</exerciceFiscalAu>
	<annee>2022</annee>
	<numTPLocaleDec>1229</numTPLocaleDec>
	<numTSCLocaleDec>1229</numTSCLocaleDec>
	<adressLocaleDec>El Jadida, Hay sSlam</adressLocaleDec>

	<listAcquisitionOuLocationTerrain>
		<AcquisitionOuLocationTerrain>
			<refNatureAcquision>
					<code>CONSTRUCT_2</code>
			</refNatureAcquision>
			<numTSC>1229</numTSC>
			<numTF>122350</numTF>
			<consistance>INFo_4</consistance>
			<superficie>150.15</superficie>
			<refStatutPatrimonial>
					<code>LOCATION_2</code>
			</refStatutPatrimonial>
			<prixAcquision>25000.5</prixAcquision>
			<dateAcquisition>2023-11-16</dateAcquisition>
		</AcquisitionOuLocationTerrain>
		<AcquisitionOuLocationTerrain>
			<refNatureAcquision>
					<code>TERRAIN_1</code>
			</refNatureAcquision>
			<numTSC>1229</numTSC>
			<numTF>INFO2</numTF>
			<consistance>QEWEQWE</consistance>
			<superficie>120</superficie>
			<refStatutPatrimonial>
					<code>LOCATION_2</code>
			</refStatutPatrimonial>
			<prixAcquision>20000</prixAcquision>
			<dateAcquisition>2023-09-12</dateAcquisition>
		</AcquisitionOuLocationTerrain>
		<AcquisitionOuLocationTerrain>
			<refNatureAcquision>
					<code>TERRAIN_1</code>
			</refNatureAcquision>
			<numTSC>1229</numTSC>
			<numTF>INfo</numTF>
			<consistance>BAaaa</consistance>
			<superficie>120</superficie>
			<refStatutPatrimonial>
					<code>PROPRIETE_1</code>
			</refStatutPatrimonial>
			<prixAcquision>240000</prixAcquision>
			<dateAcquisition>2023-06-22</dateAcquisition>
		</AcquisitionOuLocationTerrain>
		<AcquisitionOuLocationTerrain>
			<refNatureAcquision>
					<code>TERRAIN_1</code>
			</refNatureAcquision>
			<numTSC>1229</numTSC>
			<numTF>INFO2</numTF>
			<consistance>Adada</consistance>
			<superficie>125</superficie>
			<refStatutPatrimonial>
					<code>LOCATION_2</code>
			</refStatutPatrimonial>
			<prixAcquision>2300000</prixAcquision>
			<dateAcquisition>2023-08-22</dateAcquisition>
		</AcquisitionOuLocationTerrain>
		<AcquisitionOuLocationTerrain>
			<refNatureAcquision>
					<code>AGENCEMENT_3</code>
			</refNatureAcquision>
			<numTSC>1229</numTSC>
			<numTF>INFO3</numTF>
			<consistance>AAAAA</consistance>
			<superficie>140</superficie>
			<refStatutPatrimonial>
					<code>LEASING_3</code>
			</refStatutPatrimonial>
			<prixAcquision>2400540</prixAcquision>
			<dateAcquisition>2023-07-18</dateAcquisition>
		</AcquisitionOuLocationTerrain>
		<AcquisitionOuLocationTerrain>
			<refNatureAcquision>
					<code>TERRAIN_1</code>
			</refNatureAcquision>
			<numTSC>1229</numTSC>
			<numTF>121212</numTF>
			<consistance>Aadadad</consistance>
			<superficie>130</superficie>
			<refStatutPatrimonial>
					<code>PROPRIETE_1</code>
			</refStatutPatrimonial>
			<prixAcquision>250000</prixAcquision>
			<dateAcquisition>2021-11-11</dateAcquisition>
		</AcquisitionOuLocationTerrain>
		<AcquisitionOuLocationTerrain>
			<refNatureAcquision>
					<code>CONSTRUCT_2</code>
			</refNatureAcquision>
			<numTSC>1229</numTSC>
			<numTF>123134</numTF>
			<consistance>Aadadad</consistance>
			<superficie>130</superficie>
			<refStatutPatrimonial>
					<code>LOCATION_2</code>
			</refStatutPatrimonial>
			<prixAcquision>250000</prixAcquision>
			<dateAcquisition>2021-11-11</dateAcquisition>
		</AcquisitionOuLocationTerrain>
	</listAcquisitionOuLocationTerrain>

	<listAcquisitionOuLocationMateriel>
		<AcquisitionOuLocationMateriel>
			<refDesignationMat>
					<code>MAT_OUTIL_5</code>
			</refDesignationMat>
			<refEtatAcquision>
					<code>NEUF_1</code>
			</refEtatAcquision>
			<refStatutPatrimonial>
					<code>LOCATION_2</code>
			</refStatutPatrimonial>
			<dateAcquisition>2023-09-21</dateAcquisition>
			<dateMiseEnService>2023-11-23</dateMiseEnService>
			<prixAcquisition>252000</prixAcquisition>
		</AcquisitionOuLocationMateriel>
		<AcquisitionOuLocationMateriel>
			<refDesignationMat>
					<code>TRANSPORT_6</code>
			</refDesignationMat>
			<refEtatAcquision>
					<code>OCCASION_2</code>
			</refEtatAcquision>
			<refStatutPatrimonial>
					<code>PROPRIETE_1</code>
			</refStatutPatrimonial>
			<dateAcquisition>2023-09-05</dateAcquisition>
			<dateMiseEnService>2023-11-23</dateMiseEnService>
			<prixAcquisition>500000.75</prixAcquisition>
		</AcquisitionOuLocationMateriel>
		<AcquisitionOuLocationMateriel>
			<refDesignationMat>
					<code>TRANSPORT_6</code>
			</refDesignationMat>
			<refEtatAcquision>
					<code>NEUF_1</code>
			</refEtatAcquision>
			<refStatutPatrimonial>
					<code>PROPRIETE_1</code>
			</refStatutPatrimonial>
			<dateAcquisition>2023-07-18</dateAcquisition>
			<dateMiseEnService>2023-09-15</dateMiseEnService>
			<prixAcquisition>2300000</prixAcquisition>
		</AcquisitionOuLocationMateriel>
		<AcquisitionOuLocationMateriel>
			<refDesignationMat>
					<code>MOBILIER_7</code>
			</refDesignationMat>
			<refEtatAcquision>
					<code>OCCASION_2</code>
			</refEtatAcquision>
			<refStatutPatrimonial>
					<code>LOCATION_2</code>
			</refStatutPatrimonial>
			<dateAcquisition>2023-08-15</dateAcquisition>
			<dateMiseEnService>2023-11-15</dateMiseEnService>
			<prixAcquisition>20000.25</prixAcquisition>
		</AcquisitionOuLocationMateriel>
		<AcquisitionOuLocationMateriel>
			<refDesignationMat>
					<code>TRANSPORT_6</code>
			</refDesignationMat>
			<refEtatAcquision>
					<code>OCCASION_2</code>
			</refEtatAcquision>
			<refStatutPatrimonial>
					<code>LOCATION_2</code>
			</refStatutPatrimonial>
			<dateAcquisition>2023-10-09</dateAcquisition>
			<dateMiseEnService>2023-10-09</dateMiseEnService>
			<prixAcquisition>15000</prixAcquisition>
		</AcquisitionOuLocationMateriel>
	</listAcquisitionOuLocationMateriel>

	<listRetraits>
		<Retraits>
			<designationRetrait>
					<code>TERRAIN_1</code>
			</designationRetrait>
			<natureOperationRetrait>
					<code>CESSION_2</code>
			</natureOperationRetrait>
			<numTSC>1229</numTSC>
			<numTF>154202</numTF>
			<prixAcquisition>250000</prixAcquisition>
			<prixCession>16000</prixCession>
			<dateAcquisition>2023-09-05</dateAcquisition>
			<dateRetrait>2023-11-21</dateRetrait>
		</Retraits>
		<Retraits>
			<designationRetrait>
					<code>MOBILIER_7</code>
			</designationRetrait>
			<natureOperationRetrait>
					<code>RETRAIT_1</code>
			</natureOperationRetrait>
			<numTSC>1229</numTSC>
			<numTF>1500</numTF>
			<prixAcquisition>245000</prixAcquisition>
			<prixCession>254000</prixCession>
			<dateAcquisition>2023-09-08</dateAcquisition>
			<dateRetrait>2023-09-08</dateRetrait>
		</Retraits>
		<Retraits>
			<designationRetrait>
					<code>MAT_OUTIL_5</code>
			</designationRetrait>
			<natureOperationRetrait>
					<code>RESIL_BAIL_3</code>
			</natureOperationRetrait>
			<numTSC>1229</numTSC>
			<numTF>154200</numTF>
			<prixAcquisition>25000</prixAcquisition>
			<prixCession>25100</prixCession>
			<dateAcquisition>2023-09-05</dateAcquisition>
			<dateRetrait>2024-03-14</dateRetrait>
		</Retraits>
	</listRetraits>
</DecElementImposable>
